Organisatie ID;Organisatienaam;Organisatiecode;organisationKboNumber;Concept status;parentCode;nisCode;ovoKey;shortName;socialName;Laatst gewijzigd op;organisationForeignCode;organisationAssociationRegisterCode
OVO001835;Agentschap Binnenlands Bestuur;OVO001835;;ACTIVE;;;OVO001835;ABB;Agentschap Binnenlands Bestuur;30/12/2025;;
OVO002949;agentschap Digitaal Vlaanderen;OVO002949;;ACTIVE;;;OVO002949;DV;agentschap Digitaal Vlaanderen;21/04/2026;;
OVO001834;Agentschap Facilitair Bedrijf;OVO001834;;ACTIVE;;;OVO001834;AFB;Agentschap Facilitair Bedrijf;02/02/2026;;
OVO001846;Agentschap Integratie en Inburgering;OVO001846;;ACTIVE;;;OVO001846;AgII;Agentschap Integratie en Inburgering;30/12/2025;;
OVO049152;Agentschap Justitie en Handhaving;OVO049152;;ACTIVE;;;OVO049152;AJH;Agentschap Justitie en Handhaving;01/04/2026;;
OVO000082;Agentschap Landbouw en Zeevisserij;OVO000082;;ACTIVE;;;OVO000082;LV;Agentschap Landbouw en Zeevisserij;30/12/2025;;
OVO001833;Agentschap Overheidspersoneel;OVO001833;;ACTIVE;;;OVO001833;AgO;Agentschap Overheidspersoneel;31/03/2026;;
OVO001523;Agentschap Plantentuin Meise;OVO001523;;ACTIVE;;;OVO001523;A Pl Meise;Agentschap Plantentuin Meise;30/12/2025;;
OVO000120;AGENTSCHAP VLAAMSE SOCIALE BESCHERMING;OVO000120;;ACTIVE;;;OVO000120;;Agentschap Vlaamse Sociale Bescherming;25/03/2026;;
OVO001951;Agentschap voor Hoger Onderwijs, Volwassenenonderwijs, Kwalificaties en Studietoelagen;OVO001951;;ACTIVE;;;OVO001951;AHOVOKS;Agentschap voor Hoger Onderwijs, Volwassenenonderwijs, Kwalificaties en Studietoelagen;01/04/2026;;
OVO000053;Agentschap voor Infrastructuur in het Onderwijs;OVO000053;;ACTIVE;;;OVO000053;AGION;Agentschap voor Infrastructuur in het Onderwijs;30/12/2025;;
OVO000097;Agentschap voor Maritieme Dienstverlening en Kust;OVO000097;;ACTIVE;;;OVO000097;MDK;Agentschap voor Maritieme Dienstverlening en Kust;30/12/2025;;
OVO000089;Agentschap voor Natuur en Bos;OVO000089;;ACTIVE;;;OVO000089;ANB;Agentschap voor Natuur en Bos;01/04/2026;;
OVO000050;Agentschap voor Onderwijsdiensten;OVO000050;;ACTIVE;;;OVO000050;AgODi;Agentschap voor Onderwijsdiensten;30/12/2025;;
OVO000098;Agentschap Wegen en Verkeer;OVO000098;;ACTIVE;;;OVO000098;AINFRA;Agentschap Wegen en Verkeer;01/04/2026;;
593c6a40-694d-4e22-b0f2-98f7483f4188;Annick De Ridder, Vlaams minister van Mobiliteit, Openbare Werken, Havens en Sport;OVO054212;;ACTIVE;;;OVO054212;;Annick De Ridder, Vlaams minister van Mobiliteit, Openbare Werken, Havens en Sport;06/02/2026;;
OVO048640;Atos - ICT-partner voor Cloud- en datacenterdiensten;OVO048640;;ACTIVE;;;OVO048640;;;25/11/2025;;
OVO048641;Atos - ICT-partner voor Service-integratiediensten;OVO048641;;ACTIVE;;;OVO048641;;;25/11/2025;;
OVO001832;Audit Vlaanderen;OVO001832;;ACTIVE;;;OVO001832;Audit;Audit Vlaanderen;30/12/2025;;
OVO000122;Beheersmaatschappij Antwerpen Mobiel;OVO000122;860139085;ACTIVE;;;OVO000122;;Beheersmaatschappij Antwerpen Mobiel;30/12/2025;;
ca1c4692-5221-4590-8ab3-409ba1fa10bc;Ben Weyts, viceminister-president van de Vlaamse Regering en Vlaams minister van Begroting en Financiën, Vlaamse Rand, Onroerend Erfgoed en Dierenwelzijn;OVO054207;;ACTIVE;;;OVO054207;;Ben Weyts, viceminister-president van de Vlaamse Regering en Vlaams minister van Begroting en Financiën, Vlaamse Rand, Onroerend Erfgoed en Dierenwelzijn;30/12/2025;;
47f8c1f9-6d2e-428d-a829-c2c0ef5c5b80;Caroline Gennez, Vlaams minister van Welzijn en Armoedebestrijding, Cultuur en Gelijke Kansen;OVO054210;;ACTIVE;;;OVO054210;;Caroline Gennez, Vlaams minister van Welzijn en Armoedebestrijding, Cultuur en Gelijke Kansen;30/12/2025;;
OVO048643;Cegeka - ICT-partner voor Werkplekdiensten;OVO048643;;ACTIVE;;;OVO048643;;;25/11/2025;;
643c500f-f110-4b83-89e3-f07eec92afcf;Cieltje Van Achter, Vlaams minister van Brussel en Media;OVO054213;;ACTIVE;;;OVO054213;;Cieltje Van Achter, Vlaams minister van Brussel en Media;12/03/2026;;
OVO048644;Cronos Public Services - ICT-partner voor Applicatiediensten;OVO048644;;ACTIVE;;;OVO048644;;;08/01/2026;;
OVO003327;Cultuurconnect;OVO003327;;ACTIVE;;;OVO003327;;Cultuurconnect;30/12/2025;;
OVO004224;De Ambrassade;OVO004224;475787275;ACTIVE;;;OVO004224;;De Ambrassade;30/12/2025;;
OVO000073;De Vlaamse Radio- en Televisieomroeporganisatie;OVO000073;;ACTIVE;;;OVO000073;;De Vlaamse Radio- en Televisieomroeporganisatie;30/12/2025;;
OVO000112;DE VLAAMSE WATERWEG;OVO000112;;ACTIVE;;;OVO000112;DVW;De Vlaamse Waterweg;20/04/2026;;
OVO001559;De Werkvennootschap;OVO001559;;ACTIVE;;;OVO001559;Via Invest;De Werkvennootschap;30/12/2025;;
OVO000067;Departement Cultuur, Jeugd en Media;OVO000067;;ACTIVE;;;OVO000067;DCJM;Departement Cultuur, Jeugd en Media;19/03/2026;;
OVO000029;Departement Financiën en Begroting;OVO000029;;ACTIVE;;;OVO000029;DFB;Departement Financiën en Begroting;09/02/2026;;
OVO000032;Departement Kanselarij en Buitenlandse Zaken;OVO000032;;ACTIVE;;;OVO000032;DKBUZA;Departement Kanselarij en Buitenlandse Zaken;30/12/2025;;
OVO000096;Departement Mobiliteit en Openbare Werken;OVO000096;;ACTIVE;;;OVO000096;DMOW;Departement Mobiliteit en Openbare Werken;23/04/2026;;
OVO003323;Departement Omgeving;OVO003323;;ACTIVE;;;OVO003323;DOMG;Departement Omgeving;01/04/2026;;
OVO000049;Departement Onderwijs en Vorming;OVO000049;;ACTIVE;;;OVO000049;DOV;Departement Onderwijs en Vorming;29/01/2026;;
eef859ec-95fe-445e-b76f-b34e5e382501;Departement Werk, Economie, Wetenschap, Innovatie en Sociale Economie;OVO053580;;ACTIVE;;;OVO053580;DWEWIS;Departement Werk, Economie, Wetenschap, Innovatie en Sociale Economie;01/04/2026;;
OVO000056;Departement Zorg;OVO000056;;ACTIVE;;;OVO000056;Zorg;Departement Zorg;01/04/2026;;
OVO000558;Dienst met Afzonderlijk Beheer Loodswezen;OVO000558;767420151;ACTIVE;;;OVO000558;DAB Loodsw;DAB Loodswezen;30/12/2025;;
OVO000559;Dienst met Afzonderlijk Beheer Vloot;OVO000559;;ACTIVE;;;OVO000559;DAB Vloot;DAB Vloot;30/12/2025;;
OVO001831;Dienst van de Bestuursrechtscolleges;OVO001831;;ACTIVE;;;OVO001831;DBRC;Dienst van de Bestuursrechtscolleges;31/03/2026;;
OVO001830;Dienst van de gouverneurs;OVO001830;;ACTIVE;;;OVO001830;DVG;Dienst van de gouverneurs;30/12/2025;;
OVO048649;DXC Technology - ICT-partner voor mainframediensten;OVO048649;;ACTIVE;;;OVO048649;;;25/11/2025;;
OVO048646;DXC-Cegeka - ICT-partner voor Applicatiediensten;OVO048646;;ACTIVE;;;OVO048646;;;08/12/2025;;
f3779ec8-bc0c-4c5c-808f-e2499f1fdae6;"Eigen Vermogen ""Flanders Hydraulics";OVO000223;;ACTIVE;;;OVO000223;Flanders H;Flanders Hydraulics (FH);30/12/2025;;
OVO002956;Eigen Vermogen Digitaal Vlaanderen;OVO002956;;ACTIVE;;;OVO002956;;Eigen Vermogen Digitaal Vlaanderen;30/12/2025;;
OVO000146;Eigen Vermogen van het Instituut voor Natuur- en Bosonderzoek;OVO000146;;ACTIVE;;;OVO000146;EVINBO;Eigen Vermogen van het Instituut voor Natuur- en Bosonderzoek;30/12/2025;;
OVO000147;EIGEN VERMOGEN VH INSTITUUT VOOR LANDBOUW- EN VISSERIJONDERZOEK;OVO000147;;ACTIVE;;;OVO000147;EV ILVO;EIGEN VERMOGEN VH INSTITUUT VOOR LANDBOUW- EN VISSERIJONDERZOEK;30/12/2025;;
7d6d69ed-aa69-40b1-9b40-931eb1110581;Eigen Vermogen Xperta;OVO053646;;ACTIVE;;;OVO053646;EV XP;Eigen Vermogen Xperta;30/12/2025;;
OVO000080;ESF - AGENTSCHAP VLAANDEREN;OVO000080;476731541;ACTIVE;;;OVO000080;;ESF - AGENTSCHAP VLAANDEREN;30/12/2025;;
OVO048639;Eviden - ICT-partner voor Applicatiediensten;OVO048639;;ACTIVE;;;OVO048639;;;18/04/2025;;
39e2afc7-2ea8-467a-b98f-2da42f3aae12;Financieringsinstrument voor de Vlaamse visserij- en aquacultuursector;OVO000150;265527701;ACTIVE;;;OVO000150;;Financieringsinstrument voor de Vlaamse visserij- en aquacultuursector;30/12/2025;;
93b29e6c-3477-4281-8df9-2e7a93ad89b9;Fonds voor Innoveren en Ondernemen;OVO000140;;ACTIVE;;;OVO000140;FIO;Fonds voor Innoveren en Ondernemen;30/12/2025;;
OVO000042;Fonds voor wetenschappelijk Onderzoek - Vlaanderen;OVO000042;;ACTIVE;;;OVO000042;;Fonds voor wetenschappelijk Onderzoek - Vlaanderen;30/12/2025;;
dd11d1d1-2401-4bb3-b2c8-660adbca34f0;Gouverneur van de provincie Limburg;OVO027526;;ACTIVE;;;OVO027526;;;30/12/2025;;
fefe37be-293e-4015-87df-72276e2e5d3f;Gouverneur van de provincie Oost-Vlaanderen;OVO027528;;ACTIVE;;;OVO027528;;;30/12/2025;;
7a2f747a-70f5-4bef-82f5-2818dc975d50;Grindfonds - Fonds gravier;OVO000152;250937416;ACTIVE;;;OVO000152;;Grindfonds - Fonds gravier;30/12/2025;;
a7c5b9cc-fc34-4e15-83f2-a23bc153e791;Handhavingscollege;OVO001689;;ACTIVE;;;OVO001689;MHC;Handhavingscollege;30/12/2025;;
3dcdd756-2a16-4ea4-a1fb-f819c7130577;Hans Bonte, viceminister-president van de Vlaamse Regering en Vlaams minister van Wonen, Energie en Klimaat, Toerisme en Jeugd;OVO056605;;ACTIVE;;;OVO056605;;Hans Bonte, viceminister-president van de Vlaamse Regering en Vlaams minister van Wonen, Energie en Klimaat, Toerisme en Jeugd;22/01/2026;;
OVO000109;het Gemeenschapsonderwijs;OVO000109;;ACTIVE;;;OVO000109;ARGO;GO! onderwijs van de Vlaamse Gemeenschap;30/12/2025;;
OVO000795;Het Kinderrechtencommissariaat;OVO000795;;ACTIVE;;;OVO000795;Vl Kinderr;Vlaamse Kinderrechtencommissariaat;30/12/2025;;
OVO000617;Het Vlaams Parlement;OVO000617;;ACTIVE;;;OVO000617;;Het Vlaams Parlement;30/12/2025;;
018011fd-9c3e-4544-b7f7-ff4952eb0d7b;Hilde Crevits, viceminister-president van de Vlaamse Regering en Vlaams minister van Binnenland, Steden- en Plattelandsbeleid, Samenleven, Integratie en Inburgering, Bestuurszaken, Sociale Economie en Zeevisserij;OVO054206;;ACTIVE;;;OVO054206;;Hilde Crevits, viceminister-president van de Vlaamse Regering en Vlaams minister van Binnenland, Steden- en Plattelandsbeleid, Samenleven, Integratie en Inburgering, Bestuurszaken, Sociale Economie en Zeevisserij;30/12/2025;;
OVO000832;Inspectie van Financiën;OVO000832;;ACTIVE;;;OVO000832;;;09/02/2026;;
OVO000084;Instituut voor Landbouw-, Visserij- en Voedingsonderzoek;OVO000084;;ACTIVE;;;OVO000084;ILVO;Instituut voor Landbouw-, Visserij- en Voedingsonderzoek;30/12/2025;;
OVO000088;Instituut voor Natuur- en Bosonderzoek;OVO000088;;ACTIVE;;;OVO000088;INBO;Instituut voor Natuur- en Bosonderzoek;04/03/2026;;
OVO008456;Intercommunale Maatschappij Opera voor Vlaanderen;OVO008456;222061110;ACTIVE;;;OVO008456;;Intercommunale Maatschappij Opera voor Vlaanderen;30/12/2025;;
OVO002333;Interregionale entiteit VIAPASS;OVO002333;558940031;ACTIVE;;;OVO002333;;Interregionale entiteit VIAPASS;30/12/2025;;
1fe215ee-c3ac-4853-881a-e1ac73e5b924;Jo Brouns, Vlaams minister van Omgeving en Landbouw;OVO054209;;ACTIVE;;;OVO054209;;Jo Brouns, Vlaams minister van Omgeving en Landbouw;30/12/2025;;
562da012-ad8a-4dab-b295-a7b556e433a7;Kabinet van de minister-president van de Vlaamse Regering, Vlaams minister van Economie, Innovatie en Industrie, Buitenlandse Zaken, Digitalisering en Facilitair Management;OVO053549;;ACTIVE;;;OVO053549;Kabinet van de minister-president van de Vlaamse Regering, Vlaams minister van Economie, Innovatie en Industrie, Buitenlandse Zaken, Digitalisering en Facilitair Management;Kabinet van de minister-president van de Vlaamse Regering, Vlaams minister van Economie, Innovatie en Industrie, Buitenlandse Zaken, Digitalisering en Facilitair Management;28/01/2026;;
b353498b-5189-4837-b2a1-ffb990efa131;Kabinet van de viceminister-president van de Vlaamse Regering, Vlaams minister van Begroting en Financiën, Vlaamse Rand, Onroerend Erfgoed en Dierenwelzijn;OVO053551;;ACTIVE;;;OVO053551;Kabinet van de viceminister-president van de Vlaamse Regering, Vlaams minister van Begroting en Financiën, Vlaamse Rand, Onroerend Erfgoed en Dierenwelzijn;Kabinet van de viceminister-president van de Vlaamse Regering, Vlaams minister van Begroting en Financiën, Vlaamse Rand, Onroerend Erfgoed en Dierenwelzijn;30/12/2025;;
eb37e38c-e94b-45f5-9b59-7b151175415f;Kabinet van de viceminister-president van de Vlaamse Regering, Vlaams minister van Binnenland, Steden- en Plattelandsbeleid, Samenleven, Integratie en Inburgering, Bestuurszaken, Sociale Economie en Zeevisserij;OVO053550;;ACTIVE;;;OVO053550;Kabinet van de viceminister-president van de Vlaamse Regering, Vlaams minister van Binnenland, Steden- en Plattelandsbeleid, Samenleven, Integratie en Inburgering, Bestuurszaken, Sociale Economie en Zeevisserij;Kabinet van de viceminister-president van de Vlaamse Regering, Vlaams minister van Binnenland, Steden- en Plattelandsbeleid, Samenleven, Integratie en Inburgering, Bestuurszaken, Sociale Economie en Zeevisserij;30/12/2025;;
210b2f38-78df-401a-837a-0a72cc3fe208;Kabinet van de viceminister-president van de Vlaamse Regering, Vlaams minister van Wonen, Energie en Klimaat, Toerisme en Jeugd;OVO053552;;ACTIVE;;;OVO053552;Kabinet van de viceminister-president van de Vlaamse Regering, Vlaams minister van Wonen, Energie en Klimaat, Toerisme en Jeugd;Kabinet van de viceminister-president van de Vlaamse Regering, Vlaams minister van Wonen, Energie en Klimaat, Toerisme en Jeugd;22/01/2026;;
582da3eb-535e-48c7-a0bf-7c6ce12cbb91;Kabinet van de Vlaamse minister van Brussel en Media;OVO053557;;ACTIVE;;;OVO053557;Kabinet van de Vlaamse minister van Brussel en Media;Kabinet van de Vlaamse minister van Brussel en Media;12/03/2026;;
d928bb68-2adf-4b02-a729-078d129d00b5;Kabinet van de Vlaamse minister van Mobiliteit, Openbare Werken, Havens en Sport;OVO053556;;ACTIVE;;;OVO053556;Kabinet van de Vlaamse minister van Mobiliteit, Openbare Werken, Havens en Sport;Kabinet van de Vlaamse minister van Mobiliteit, Openbare Werken, Havens en Sport;06/02/2026;;
fb809dfd-62a3-487d-95b9-61d00fabd237;Kabinet van de Vlaamse minister van Omgeving en Landbouw;OVO053553;;ACTIVE;;;OVO053553;Kabinet van de Vlaamse minister van Omgeving en Landbouw;Kabinet van de Vlaamse minister van Omgeving en Landbouw;30/12/2025;;
b47a2472-1ae6-418f-9732-ad891d3c3900;Kabinet van de Vlaamse minister van Onderwijs, Justitie en Werk;OVO053555;;ACTIVE;;;OVO053555;Kabinet van de Vlaamse minister van Onderwijs, Justitie en Werk;Kabinet van de Vlaamse minister van Onderwijs, Justitie en Werk;03/03/2026;;
a3455b90-35a4-4c0d-bd41-037bfc57c415;Kabinet van de Vlaamse minister van Welzijn en Armoedebestrijding, Cultuur en Gelijke Kansen;OVO053554;;ACTIVE;;;OVO053554;Kabinet van de Vlaamse minister van Welzijn en Armoedebestrijding, Cultuur en Gelijke Kansen;Kabinet van de Vlaamse minister van Welzijn en Armoedebestrijding, Cultuur en Gelijke Kansen;30/12/2025;;
OVO001651;Koninklijk Museum voor Schone Kunsten Antwerpen;OVO001651;725891877;ACTIVE;;;OVO001651;KMSKA;KMSKA;30/12/2025;;
OVO000184;Koninklijke Academie voor Nederlandse Taal en Letteren;OVO000184;210012621;ACTIVE;;;OVO000184;Koninklijk;Koninklijke Academie voor Nederlandse Taal- en Letterkunde (KANTL);01/04/2026;;
OVO000182;KONINKLIJKE VLAAMSE ACADEMIE VAN BELGIE VOOR WETENSCHAPPEN & KUNSTEN;OVO000182;852088679;ACTIVE;;;OVO000182;;KONINKLIJKE VLAAMSE ACADEMIE VAN BELGIE VOOR WETENSCHAPPEN & KUNSTEN;30/12/2025;;
OVO000043;LIMBURGSE RECONVERSIE MAATSCHAPPIJ;OVO000043;452138972;ACTIVE;;;OVO000043;;LIMBURGSE RECONVERSIE MAATSCHAPPIJ;30/12/2025;;
OVO000174;Literatuur Vlaanderen;OVO000174;850465910;ACTIVE;;;OVO000174;VFL;Literatuur Vlaanderen;30/12/2025;;
OVO001601;LUCHTHAVENONTWIKKELINGSMAATSCHAPPIJ VLAANDEREN;OVO001601;553678968;ACTIVE;;;OVO001601;;Luchthavenontwikkelingsmaatschappij Vlaanderen;30/12/2025;;
6629332b-2b08-4d06-964c-08fadfcd5478;Matthias Diependaele, minister-president van de Vlaamse Regering en Vlaams minister van Economie, Innovatie en Industrie, Buitenlandse Zaken, Digitalisering en Facilitair Management;OVO054205;;ACTIVE;;;OVO054205;;Matthias Diependaele, minister-president van de Vlaamse Regering en Vlaams minister van Economie, Innovatie en Industrie, Buitenlandse Zaken, Digitalisering en Facilitair Management;28/01/2026;;
065a1fd1-9795-4302-96ab-6a47dda4a92c;Melissa Depraetere, viceminister-president van de Vlaamse Regering en Vlaams minister van Wonen, Energie en Klimaat, Toerisme en Jeugd;OVO054208;;ACTIVE;;;OVO054208;;Melissa Depraetere, viceminister-president van de Vlaamse Regering en Vlaams minister van Wonen, Energie en Klimaat, Toerisme en Jeugd;21/01/2026;;
OVO000095;Milieu- en Natuurraad van Vlaanderen;OVO000095;;ACTIVE;;;OVO000095;Minaraad;Milieu- en Natuurraad van Vlaanderen;30/12/2025;;
c69b4b59-b458-470c-aa0e-a7f9915d8734;Mobiliteitsraad van Vlaanderen;OVO000210;;ACTIVE;;;OVO000210;;;30/12/2025;;
OVO001842;Muntpunt;OVO001842;838774539;ACTIVE;;;OVO001842;;Muntpunt;30/12/2025;;
OVO000145;Natuurinvest;OVO000145;;ACTIVE;;;OVO000145;Afdeling Valorisatie;Afdeling Valorisatie;30/12/2025;;
OVO002410;Onderwijsinspectie;OVO002410;;ACTIVE;;;OVO002410;OndInsp;Onderwijsinspectie;23/04/2026;;
OVO000104;Onroerend Erfgoed;OVO000104;;ACTIVE;;;OVO000104;VIOE;Onroerend Erfgoed;22/04/2026;;
OVO000062;OPENBAAR PSYCHIATRISCH ZORGCENTRUM GEEL;OVO000062;;ACTIVE;;;OVO000062;;OPENBAAR PSYCHIATRISCH ZORGCENTRUM GEEL;30/12/2025;;
OVO000063;Openbaar Psychiatrisch Zorgcentrum Rekem;OVO000063;;ACTIVE;;;OVO000063;;Openbaar Psychiatrisch Zorgcentrum Rekem;30/12/2025;;
OVO000091;Openbare Vlaamse Afvalstoffenmaatschappij;OVO000091;842399963;ACTIVE;;;OVO000091;OVAM;Openbare Vlaamse Afvalstoffenmaatschappij (OVAM);01/04/2026;;
OVO000058;Opgroeien;OVO000058;;ACTIVE;;;OVO000058;OG;Opgroeien;22/01/2026;;
OVO000061;Opgroeien regie;OVO000061;;ACTIVE;;;OVO000061;OGR;Opgroeien regie;18/03/2026;;
dcbaasbeheer;Organisatie voor DCBaaS beheer;dcbaasbeheer;;ACTIVE;;;;;;28/02/2025;;
OVO000044;Participatiemaatschappij Vlaanderen;OVO000044;;ACTIVE;;;OVO000044;PMV;ParticipatieMaatschappij Vlaanderen;30/12/2025;;
72b074e6-b9ab-4efc-a87e-d7c4f75f3c71;Pendelfonds;OVO000193;548967936;ACTIVE;;;OVO000193;;Pendelfonds;30/12/2025;;
OVO048642;Proximus - ICT-partner voor Netwerkdiensten;OVO048642;;ACTIVE;;;OVO048642;;;09/12/2025;;
eb4e45d6-16bd-4aac-81f5-6555905bd257;Raad voor betwistingen inzake studievoortgangsbeslissingen;OVO000857;;ACTIVE;;;OVO000857;RSTVB;Raad voor Betwistingen inzake Studievoortgangsbeslissingen;30/12/2025;;
8f014af8-b3fe-4886-b10f-567262addb1b;Raad voor Vergunningsbetwistingen;OVO001688;;ACTIVE;;;OVO001688;RVVB;Raad voor Vergunningsbetwistingen;30/12/2025;;
18a9a64f-03d3-4aaa-ae05-91f0a280c2f1;Raad voor Verkiezingsbetwistingen;OVO001680;;ACTIVE;;;OVO001680;;Raad voor Verkiezingsbetwistingen;30/12/2025;;
OVO001561;SCHOOL INVEST;OVO001561;810538136;ACTIVE;;;OVO001561;School Inv;School Invest - nv;30/12/2025;;
OVO003924;Sectoraal partnerschap autosector en aanverwante sectoren;OVO003924;;ACTIVE;;;OVO003924;;;24/10/2017;;
OVO051569;Sectoraal Partnerschap Bedienden;OVO051569;;ACTIVE;;;OVO051569;;;25/04/2023;;
OVO039309;Sectoraal partnerschap binnenvaart;OVO039309;;ACTIVE;;;OVO039309;;;26/11/2020;;
OVO003925;Sectoraal partnerschap bouw;OVO003925;;ACTIVE;;;OVO003925;;;24/10/2017;;
OVO003926;Sectoraal partnerschap chemie, kunststoffen en life sciences;OVO003926;;ACTIVE;;;OVO003926;;;24/10/2017;;
OVO003927;Sectoraal partnerschap elektriciens : installatie en distributie;OVO003927;;ACTIVE;;;OVO003927;;;24/10/2017;;
OVO047590;Sectoraal partnerschap grafische sector en papier- en kartonbewerkende sector;OVO047590;;ACTIVE;;;OVO047590;;;26/11/2020;;
OVO003928;Sectoraal partnerschap groene sectoren;OVO003928;;ACTIVE;;;OVO003928;;;19/09/2022;;
OVO048566;Sectoraal partnerschap Handel – Detailhandel;OVO048566;;ACTIVE;;;OVO048566;;;30/12/2025;;
OVO048565;Sectoraal partnerschap Handel – Voedingshandel;OVO048565;;ACTIVE;;;OVO048565;;;30/12/2025;;
OVO048567;Sectoraal Partnerschap Handel – Zelfstandige kleinhandel;OVO048567;;ACTIVE;;;OVO048567;;;30/12/2025;;
OVO003930;Sectoraal partnerschap horeca;OVO003930;;ACTIVE;;;OVO003930;;;24/10/2017;;
OVO003931;Sectoraal partnerschap houtsectoren;OVO003931;;ACTIVE;;;OVO003931;;;24/10/2017;;
OVO003929;Sectoraal partnerschap kappers - fitness - schoonheidszorgen;OVO003929;;ACTIVE;;;OVO003929;;;24/10/2017;;
OVO003937;Sectoraal partnerschap kleding en confectie;OVO003937;;ACTIVE;;;OVO003937;;;24/10/2017;;
OVO003935;Sectoraal partnerschap lokale besturen;OVO003935;;ACTIVE;;;OVO003935;;;24/10/2017;;
OVO003932;Sectoraal partnerschap social profit;OVO003932;;ACTIVE;;;OVO003932;;;24/10/2017;;
OVO003938;Sectoraal partnerschap technologische industrie;OVO003938;;ACTIVE;;;OVO003938;;;24/10/2017;;
OVO003939;Sectoraal partnerschap textiel;OVO003939;;ACTIVE;;;OVO003939;;;24/10/2017;;
OVO003933;Sectoraal partnerschap textielverzorging;OVO003933;;ACTIVE;;;OVO003933;;;24/10/2017;;
OVO003936;Sectoraal partnerschap transport, logistiek en grondafhandeling op luchthavens;OVO003936;;ACTIVE;;;OVO003936;;;24/10/2017;;
OVO003955;Sectoraal partnerschap verkoop en marketing;OVO003955;;ACTIVE;;;OVO003955;;;30/12/2025;;
OVO003934;Sectoraal partnerschap voedingsindustrie;OVO003934;;ACTIVE;;;OVO003934;;;24/10/2017;;
5f018924-899c-40bd-b339-15275cd18275;Selectiecommissie Besturen van de erkende kerk- of geloofsgemeenschappen van de erkende erediensten;OVO056917;;ACTIVE;;;OVO056917;;;27/03/2026;;
OVO028730;Selectiecommissie Gemeenten;OVO028730;;ACTIVE;;;OVO028730;;;23/03/2026;;
adfeffbb-adbe-4e15-9000-0ff4564766b2;Selectiecommissie Instellingen met een publieke taak;OVO056916;;ACTIVE;;;OVO056916;;;27/03/2026;;
ad6c35bd-2958-445c-b4e7-5798464610f2;Selectiecommissie Polders en Wateringen;OVO056915;;ACTIVE;;;OVO056915;;;27/03/2026;;
OVO028731;Selectiecommissie Provincies;OVO028731;;ACTIVE;;;OVO028731;;;23/03/2026;;
OVO028729;Selectiecommissie Vlaamse overheid;OVO028729;;ACTIVE;;;OVO028729;;;15/01/2026;;
OVO001847;Sociaal Economische Raad van Vlaanderen;OVO001847;216754913;ACTIVE;;;OVO001847;SA.WSE;Strategische Adviesraad;30/12/2025;;
OVO000070;SPORT VLAANDEREN;OVO000070;248142826;ACTIVE;;;OVO000070;Sport Vl;Sport Vlaanderen;07/04/2026;;
OVO000107;STRATEGISCHE ADVIESRAAD RUIMTELIJKE ORDENING - ONROEREND ERFGOED;OVO000107;896717587;ACTIVE;;;OVO000107;SARO;Strategische adviesraad Ruimtelijke Ordening en Onroerend Erfgoed;30/12/2025;;
OVO000086;Strategische Adviesraad voor Landbouw en Visserij;OVO000086;809759364;ACTIVE;;;OVO000086;SALV;Strategische AdviesRaad Landbouw en Visserij;30/12/2025;;
OVO001565;TECHNOPOLIS;OVO001565;;ACTIVE;;;OVO001565;;TECHNOPOLIS;30/12/2025;;
OVO001843;Toegankelijk Vlaanderen;OVO001843;;ACTIVE;;;OVO001843;;Toegankelijk Vlaanderen;30/12/2025;;
OVO000034;Toerisme Vlaanderen;OVO000034;225944375;ACTIVE;;;OVO000034;TOVLA;Toerisme Vlaanderen;01/04/2026;;
a1985ede-9bf9-4702-aecb-8aa95ff491c4;Topstukkenfonds;OVO000166;841642076;ACTIVE;;;OVO000166;;Topstukkenfonds;30/12/2025;;
OVO008643;Vlaams Agentschap voor de Uitbetaling van Toelagen in het kader van het Gezinsbeleid;OVO008643;;ACTIVE;;;OVO008643;VUTG;Vlaams Agentschap voor de Uitbetaling van Toelagen in het kader van het Gezinsbeleid;18/03/2026;;
OVO000035;Vlaams Agentschap voor Internationaal Ondernemen;OVO000035;242401911;ACTIVE;;;OVO000035;FIT;Vlaams Agentschap voor Internationaal Ondernemen;30/12/2025;;
OVO000060;VLAAMS AGENTSCHAP VOOR PERSONEN MET EEN HANDICAP;OVO000060;;ACTIVE;;;OVO000060;VAPH;Vlaams Agentschap voor Personen met een Handicap;30/12/2025;;
fd203f35-e946-4750-a95b-35e0e4a87cc8;Vlaams Agentschap voor Samenwerking rond Gegevensdeling tussen de Actoren in de Zorg;OVO002411;652816235;ACTIVE;;;OVO002411;;Vl. Ag. Samenw. rond Geg. ts Act. id Zorg (VASGAZ);30/12/2025;;
OVO000175;VLAAMS AUDIOVISUEEL FONDS;OVO000175;475795886;ACTIVE;;;OVO000175;VAF;Vlaams Audiovisueel Fonds;30/12/2025;;
OVO000474;Vlaams Centrum voor Agro- en Visserijmarketing;OVO000474;;ACTIVE;;;OVO000474;;Vlaams Centrum voor Agro- en Visserijmarketing;30/12/2025;;
OVO051320;Vlaams Datanutsbedrijf;OVO051320;795547478;ACTIVE;;;OVO051320;;Vlaams Datanutsbedrijf;30/12/2025;;
OVO000090;Vlaams Energie- en Klimaatagentschap;OVO000090;;ACTIVE;;;OVO000090;VEKA;Vlaams Energie- en Klimaatagentschap;30/12/2025;;
OVO000733;Vlaams Energiebedrijf;OVO000733;;ACTIVE;;;OVO000733;Vl EneBed;Vlaams EnergieBedrijf;30/12/2025;;
8d33fce8-84a4-481b-965b-851081f204a0;VLAAMS FONDS VOOR DE LASTENDELGING;OVO000143;265528095;ACTIVE;;;OVO000143;;VLAAMS FONDS VOOR DE LASTENDELGING;30/12/2025;;
OVO000148;Vlaams Infocentrum Land- en Tuinbouw;OVO000148;;ACTIVE;;;OVO000148;VI LeTBouw;Vlaams Infocentrum voor Land- en Tuinbouw;30/12/2025;;
2ecb8a46-8997-4412-aa3a-972f2beb9c55;Vlaams Infrastructuurfonds voor Persoonsgebonden Aangelegenheden;OVO000066;254481973;ACTIVE;;;OVO000066;;Vlaams Infrastructuurfonds voor Persoonsgebonden Aangelegenheden;30/12/2025;;
OVO000236;VLAAMS INSTITUUT VOOR DE ZEE;OVO000236;;ACTIVE;;;OVO000236;VI Zee;Vlaams Instituut voor de Zee;27/03/2026;;
a1301b1a-61b2-4f6c-9971-39cfa421326f;Vlaams Instituut voor Vrede en Geweldpreventie;OVO000798;;ACTIVE;;;OVO000798;;Vlaams Instituut voor Vrede en Geweldpreventie;30/12/2025;;
bdffb035-7998-4626-ac0e-c43502239022;Vlaams Landbouwinvesteringsfonds;OVO000149;;ACTIVE;;;OVO000149;DVLIF;Dienst Vlaams Landbouwinvesteringsfonds;30/12/2025;;
OVO050766;Vlaams Mensenrechteninstituut;OVO050766;;ACTIVE;;;OVO050766;;Vlaams Mensenrechteninstituut;30/12/2025;;
d278898c-4774-4feb-9cec-a1d6ecee57bb;VLAAMS PENSIOENFONDS;OVO027160;;ACTIVE;;;OVO027160;;VLAAMS PENSIOENFONDS;30/12/2025;;
OVO001729;Vlaams Woningfonds;OVO001729;;ACTIVE;;;OVO001729;;Vlaams Woningfonds;30/12/2025;;
60a11431-278f-4dd3-8f03-0b09f5340b58;Vlaams-Brussel Fonds;OVO000132;548966451;ACTIVE;;;OVO000132;VBF;Vlaams-Brussel Fonds;30/12/2025;;
2e7b53ef-d9f9-4c0c-9f41-0e63b24ed0f5;Vlaamse Adviesraad voor Innoveren en Ondernemen;OVO053996;;ACTIVE;;;OVO053996;VARIO;Vlaamse Adviesraad voor Innoveren en Ondernemen;30/12/2025;;
OVO000031;Vlaamse Belastingdienst;OVO000031;;ACTIVE;;;OVO000031;VLABEL;Vlaamse Belastingdienst;19/03/2026;;
OVO000078;Vlaamse Dienst voor Arbeidsbemiddeling en Beroepsopleiding;OVO000078;;ACTIVE;;;OVO000078;VDAB;Vlaamse Dienst voor Arbeidsbemiddeling en Beroepsopleiding;20/04/2026;;
OVO001151;Vlaamse Gemeenschapscommissie;OVO001151;240682635;ACTIVE;;;OVO001151;;Vlaamse Gemeenschapscommissie;13/04/2026;;
OVO000237;Vlaamse Havens;OVO000237;834144867;ACTIVE;;;OVO000237;;Vlaamse Havens;30/12/2025;;
OVO001002;Vlaamse Herstelraad;OVO001002;;ACTIVE;;;OVO001002;;;31/03/2026;;
OVO000158;Vlaamse Hogescholenraad;OVO000158;650536537;ACTIVE;;;OVO000158;;Vlaamse Hogescholenraad;30/12/2025;;
OVO000041;VLAAMSE INSTELLING VOOR TECHNOLOGISCH ONDERZOEK;OVO000041;;ACTIVE;;;OVO000041;;VLAAMSE INSTELLING VOOR TECHNOLOGISCH ONDERZOEK;30/12/2025;;
OVO000157;Vlaamse Interuniversitaire Raad;OVO000157;418766123;ACTIVE;;;OVO000157;;Vlaamse Interuniversitaire Raad;02/01/2026;;
OVO000094;VLAAMSE LANDMAATSCHAPPIJ;OVO000094;;ACTIVE;;;OVO000094;VLM;Vlaamse Landmaatschappij;01/04/2026;;
OVO000103;VLAAMSE MAATSCHAPPIJ VOOR SOCIAAL WONEN;OVO000103;;ACTIVE;;;OVO000103;VMSW;Vlaamse Maatschappij voor Sociaal Wonen;30/12/2025;;
OVO000111;Vlaamse Maatschappij voor Watervoorziening;OVO000111;;ACTIVE;;;OVO000111;;Vlaamse Maatschappij voor Watervoorziening;30/12/2025;;
OVO000092;VLAAMSE MILIEUMAATSCHAPPIJ;OVO000092;887290276;ACTIVE;;;OVO000092;VMM;Vlaamse Milieumaatschappij;20/04/2026;;
OVO000093;Vlaamse Nutsregulator;OVO000093;;ACTIVE;;;OVO000093;VNR;Vlaamse Nutsregulator;30/12/2025;;
OVO000796;Vlaamse Ombudsdienst;OVO000796;;ACTIVE;;;OVO000796;;Vlaamse Ombudsdienst;30/12/2025;;
OVO000054;Vlaamse Onderwijsraad - Conseil flamand de l'Enseignement;OVO000054;249776285;ACTIVE;;;OVO000054;VLOR;Vlaamse Onderwijsraad;30/12/2025;;
OVO000045;VLAAMSE PARTICIPATIEMAATSCHAPPIJ;OVO000045;461896677;ACTIVE;;;OVO000045;;VLAAMSE PARTICIPATIEMAATSCHAPPIJ;30/12/2025;;
da935551-79c3-418f-925e-12e6612b49b6;Vlaamse Raad voor Welzijn, Volksgezondheid en Gezin;OVO050768;;ACTIVE;;;OVO050768;;;30/12/2025;;
3247ad6d-9ecd-496f-a45b-1f83d0b727e8;Vlaamse Regering;OVO000729;;ACTIVE;;;OVO000729;VR;Vlaamse Regering;06/02/2026;;
OVO000071;VLAAMSE REGULATOR VOOR DE MEDIA;OVO000071;893159865;ACTIVE;;;OVO000071;VRM;Vlaamse Regulator voor de Media;30/12/2025;;
OVO001726;Vlaamse Stichting voor Verkeerskunde;OVO001726;261150229;ACTIVE;;;OVO001726;VSV;Vlaamse Stichting voor Verkeerskunde - AV;30/12/2025;;
OVO003237;Vlaamse toezichtcommissie voor de verwerking van persoonsgegevens;OVO003237;726689851;ACTIVE;;;OVO003237;Vlaamse To;Vlaamse Toezichtcommissie voor de verwerking van persoonsgegevens;30/12/2025;;
ad51d699-35ef-49d5-8fda-b918aa75570e;VLAAMSE VERENIGING VOOR ICT-PERSONEEL;OVO001845;;ACTIVE;;;OVO001845;;VLAAMSE VERENIGING VOOR ICT-PERSONEEL;30/12/2025;;
OVO000100;Vlaamse Vervoermaatschappij - De Lijn;OVO000100;;ACTIVE;;;OVO000100;De Lijn;Vlaamse Vervoermaatschappij - De Lijn;30/12/2025;;
OVO000039;VLAIO (Agentschap Innoveren & Ondernemen);OVO000039;;ACTIVE;;;OVO000039;AIO;VLAIO (Agentschap Innoveren & Ondernemen);01/04/2026;;
OVO001841;vzw ‘de Rand’;OVO001841;;ACTIVE;;;OVO001841;;vzw ‘de Rand’;30/12/2025;;
ondersteuningGID;WebIDM;ondersteuningGID;;ACTIVE;;;;;;12/02/2020;;
OVO000106;Wonen in Vlaanderen;OVO000106;;ACTIVE;;;OVO000106;WONEN;Wonen in Vlaanderen;01/04/2026;;
507beea0-bbf8-459b-8cdf-513211d587aa;Zuhal Demir, Vlaams minister van Onderwijs, Justitie en Werk;OVO054211;;ACTIVE;;;OVO054211;;Vlaams minister van Onderwijs, Justitie en Werk;03/03/2026;;
